version,diversity,originality,relevance
v1.0,0.965191841013521,0.6200113839129225,0.6013368364569478
v2.0,0.965191841013521,0.6200113839129225,0.6013368364569478
v2.1,0.6159309694560746,0.6607408658207211,0.6070907070776924
