model_csv,mean_relevance,median_relevance,mean_diversity,median_diversity,mean_originality,median_originality,mean_overall_score,median_overall_score
mistral_7B_lora-q4_k_m-v1.0_domains.csv,0.502066746315698,0.498587891459465,0.19481577523551957,0.19144727289676666,0.6755917049731482,0.7142857142857143,0.45749141532550874,0.4621907369721503
mistral_7B_lora-q4_k_m-v2.0_domains.csv,0.502066746315698,0.498587891459465,0.19481577523551957,0.19144727289676666,0.6755917049731482,0.7142857142857143,0.45749141532550874,0.4621907369721503
mistral_7B_lora-q4_k_m-v2.1_domains.csv,0.41890438793052454,0.4414837807416916,0.5663518588989973,0.6206681728363037,0.8240043449027823,0.8333333333333334,0.6030868731463835,0.6207673301299412
